expected_final_margin,tau,hold_weeks,s_weekly_new,sd_total_no_hit,sd_total_hit,breakeven_total_gain,breakeven_pts_per_week,method
-60,6,4,5.4,14.6969,13.7346,7.92862,1.98215,analytic
-30,6,4,5.4,14.6969,13.7346,5.96431,1.49108,analytic
-12,6,4,5.4,14.6969,13.7346,4.78572,1.19643,analytic
0,6,4,5.4,14.6969,13.7346,4,1,analytic
12,6,4,5.4,14.6969,13.7346,3.21428,0.803569,analytic
30,6,4,5.4,14.6969,13.7346,2.03569,0.508923,analytic
60,6,4,5.4,14.6969,13.7346,0.0713831,0.0178458,analytic
-60,6,4,6,14.6969,14.6969,4,1,analytic
-30,6,4,6,14.6969,14.6969,4,1,analytic
-12,6,4,6,14.6969,14.6969,4,1,analytic
0,6,4,6,14.6969,14.6969,4,1,analytic
12,6,4,6,14.6969,14.6969,4,1,analytic
30,6,4,6,14.6969,14.6969,4,1,analytic
60,6,4,6,14.6969,14.6969,4,1,analytic
-60,6,4,6.8,14.6969,16.03,-1.44209,-0.360522,analytic
-30,6,4,6.8,14.6969,16.03,1.27896,0.319739,analytic
-12,6,4,6.8,14.6969,16.03,2.91158,0.727896,analytic
0,6,4,6.8,14.6969,16.03,4,1,analytic
12,6,4,6.8,14.6969,16.03,5.08842,1.2721,analytic
30,6,4,6.8,14.6969,16.03,6.72104,1.68026,analytic
60,6,4,6.8,14.6969,16.03,9.44209,2.36052,analytic
-60,6,4,8,14.6969,18.1108,-9.93691,-2.48423,analytic
-30,6,4,8,14.6969,18.1108,-2.96846,-0.742114,analytic
-12,6,4,8,14.6969,18.1108,1.21262,0.303154,analytic
0,6,4,8,14.6969,18.1108,4,1,analytic
12,6,4,8,14.6969,18.1108,6.78738,1.69685,analytic
30,6,4,8,14.6969,18.1108,10.9685,2.74211,analytic
60,6,4,8,14.6969,18.1108,17.9369,4.48423,analytic
-60,6,6,5.4,14.6969,13.2272,10,1.66667,analytic
-30,6,6,5.4,14.6969,13.2272,7,1.16667,analytic
-12,6,6,5.4,14.6969,13.2272,5.2,0.866667,analytic
0,6,6,5.4,14.6969,13.2272,4,0.666667,analytic
12,6,6,5.4,14.6969,13.2272,2.8,0.466667,analytic
30,6,6,5.4,14.6969,13.2272,1,0.166667,analytic
60,6,6,5.4,14.6969,13.2272,-2,-0.333333,analytic
-60,6,6,6,14.6969,14.6969,4,0.666667,analytic
-30,6,6,6,14.6969,14.6969,4,0.666667,analytic
-12,6,6,6,14.6969,14.6969,4,0.666667,analytic
0,6,6,6,14.6969,14.6969,4,0.666667,analytic
12,6,6,6,14.6969,14.6969,4,0.666667,analytic
30,6,6,6,14.6969,14.6969,4,0.666667,analytic
60,6,6,6,14.6969,14.6969,4,0.666667,analytic
-60,6,6,6.8,14.6969,16.6565,-4,-0.666667,analytic
-30,6,6,6.8,14.6969,16.6565,4.44089e-16,7.40149e-17,analytic
-12,6,6,6.8,14.6969,16.6565,2.4,0.4,analytic
0,6,6,6.8,14.6969,16.6565,4,0.666667,analytic
12,6,6,6.8,14.6969,16.6565,5.6,0.933333,analytic
30,6,6,6.8,14.6969,16.6565,8,1.33333,analytic
60,6,6,6.8,14.6969,16.6565,12,2,analytic
-60,6,6,8,14.6969,19.5959,-16,-2.66667,analytic
-30,6,6,8,14.6969,19.5959,-6,-1,analytic
-12,6,6,8,14.6969,19.5959,0,0,analytic
0,6,6,8,14.6969,19.5959,4,0.666667,analytic
12,6,6,8,14.6969,19.5959,8,1.33333,analytic
30,6,6,8,14.6969,19.5959,14,2.33333,analytic
60,6,6,8,14.6969,19.5959,24,4,analytic
-60,12,4,5.4,20.7846,20.1157,5.93108,1.48277,analytic
-30,12,4,5.4,20.7846,20.1157,4.96554,1.24138,analytic
-12,12,4,5.4,20.7846,20.1157,4.38622,1.09655,analytic
0,12,4,5.4,20.7846,20.1157,4,1,analytic
12,12,4,5.4,20.7846,20.1157,3.61378,0.903446,analytic
30,12,4,5.4,20.7846,20.1157,3.03446,0.758616,analytic
60,12,4,5.4,20.7846,20.1157,2.06892,0.517231,analytic
-60,12,4,6,20.7846,20.7846,4,1,analytic
-30,12,4,6,20.7846,20.7846,4,1,analytic
-12,12,4,6,20.7846,20.7846,4,1,analytic
0,12,4,6,20.7846,20.7846,4,1,analytic
12,12,4,6,20.7846,20.7846,4,1,analytic
30,12,4,6,20.7846,20.7846,4,1,analytic
60,12,4,6,20.7846,20.7846,4,1,analytic
-60,12,4,6.8,20.7846,21.7476,1.21996,0.30499,analytic
-30,12,4,6.8,20.7846,21.7476,2.60998,0.652495,analytic
-12,12,4,6.8,20.7846,21.7476,3.44399,0.860998,analytic
0,12,4,6.8,20.7846,21.7476,4,1,analytic
12,12,4,6.8,20.7846,21.7476,4.55601,1.139,analytic
30,12,4,6.8,20.7846,21.7476,5.39002,1.3475,analytic
60,12,4,6.8,20.7846,21.7476,6.78004,1.69501,analytic
-60,12,4,8,20.7846,23.3238,-3.33003,-0.832508,analytic
-30,12,4,8,20.7846,23.3238,0.334984,0.0837459,analytic
-12,12,4,8,20.7846,23.3238,2.53399,0.633498,analytic
0,12,4,8,20.7846,23.3238,4,1,analytic
12,12,4,8,20.7846,23.3238,5.46601,1.3665,analytic
30,12,4,8,20.7846,23.3238,7.66502,1.91625,analytic
60,12,4,8,20.7846,23.3238,11.33,2.83251,analytic
-60,12,8,5.4,20.7846,19.4237,7.92862,0.991077,analytic
-30,12,8,5.4,20.7846,19.4237,5.96431,0.745539,analytic
-12,12,8,5.4,20.7846,19.4237,4.78572,0.598215,analytic
0,12,8,5.4,20.7846,19.4237,4,0.5,analytic
12,12,8,5.4,20.7846,19.4237,3.21428,0.401785,analytic
30,12,8,5.4,20.7846,19.4237,2.03569,0.254461,analytic
60,12,8,5.4,20.7846,19.4237,0.0713831,0.00892288,analytic
-60,12,8,6,20.7846,20.7846,4,0.5,analytic
-30,12,8,6,20.7846,20.7846,4,0.5,analytic
-12,12,8,6,20.7846,20.7846,4,0.5,analytic
0,12,8,6,20.7846,20.7846,4,0.5,analytic
12,12,8,6,20.7846,20.7846,4,0.5,analytic
30,12,8,6,20.7846,20.7846,4,0.5,analytic
60,12,8,6,20.7846,20.7846,4,0.5,analytic
-60,12,8,6.8,20.7846,22.6698,-1.44209,-0.180261,analytic
-30,12,8,6.8,20.7846,22.6698,1.27896,0.15987,analytic
-12,12,8,6.8,20.7846,22.6698,2.91158,0.363948,analytic
0,12,8,6.8,20.7846,22.6698,4,0.5,analytic
12,12,8,6.8,20.7846,22.6698,5.08842,0.636052,analytic
30,12,8,6.8,20.7846,22.6698,6.72104,0.84013,analytic
60,12,8,6.8,20.7846,22.6698,9.44209,1.18026,analytic
-60,12,8,8,20.7846,25.6125,-9.93691,-1.24211,analytic
-30,12,8,8,20.7846,25.6125,-2.96846,-0.371057,analytic
-12,12,8,8,20.7846,25.6125,1.21262,0.151577,analytic
0,12,8,8,20.7846,25.6125,4,0.5,analytic
12,12,8,8,20.7846,25.6125,6.78738,0.848423,analytic
30,12,8,8,20.7846,25.6125,10.9685,1.37106,analytic
60,12,8,8,20.7846,25.6125,17.9369,2.24211,analytic
-60,26,4,5.4,30.5941,30.1437,4.88343,1.22086,analytic
-30,26,4,5.4,30.5941,30.1437,4.44171,1.11043,analytic
-12,26,4,5.4,30.5941,30.1437,4.17669,1.04417,analytic
0,26,4,5.4,30.5941,30.1437,4,1,analytic
12,26,4,5.4,30.5941,30.1437,3.82331,0.955829,analytic
30,26,4,5.4,30.5941,30.1437,3.55829,0.889572,analytic
60,26,4,5.4,30.5941,30.1437,3.11657,0.779143,analytic
-60,26,4,6,30.5941,30.5941,4,1,analytic
-30,26,4,6,30.5941,30.5941,4,1,analytic
-12,26,4,6,30.5941,30.5941,4,1,analytic
0,26,4,6,30.5941,30.5941,4,1,analytic
12,26,4,6,30.5941,30.5941,4,1,analytic
30,26,4,6,30.5941,30.5941,4,1,analytic
60,26,4,6,30.5941,30.5941,4,1,analytic
-60,26,4,6.8,30.5941,31.2564,2.70124,0.675309,analytic
-30,26,4,6.8,30.5941,31.2564,3.35062,0.837655,analytic
-12,26,4,6.8,30.5941,31.2564,3.74025,0.935062,analytic
0,26,4,6.8,30.5941,31.2564,4,1,analytic
12,26,4,6.8,30.5941,31.2564,4.25975,1.06494,analytic
30,26,4,6.8,30.5941,31.2564,4.64938,1.16235,analytic
60,26,4,6.8,30.5941,31.2564,5.29876,1.32469,analytic
-60,26,4,8,30.5941,32.3728,0.511661,0.127915,analytic
-30,26,4,8,30.5941,32.3728,2.25583,0.563958,analytic
-12,26,4,8,30.5941,32.3728,3.30233,0.825583,analytic
0,26,4,8,30.5941,32.3728,4,1,analytic
12,26,4,8,30.5941,32.3728,4.69767,1.17442,analytic
30,26,4,8,30.5941,32.3728,5.74417,1.43604,analytic
60,26,4,8,30.5941,32.3728,7.48834,1.87208,analytic
-60,26,8,5.4,30.5941,29.6864,5.78026,0.722532,analytic
-30,26,8,5.4,30.5941,29.6864,4.89013,0.611266,analytic
-12,26,8,5.4,30.5941,29.6864,4.35605,0.544506,analytic
0,26,8,5.4,30.5941,29.6864,4,0.5,analytic
12,26,8,5.4,30.5941,29.6864,3.64395,0.455494,analytic
30,26,8,5.4,30.5941,29.6864,3.10987,0.388734,analytic
60,26,8,5.4,30.5941,29.6864,2.21974,0.277468,analytic
-60,26,8,6,30.5941,30.5941,4,0.5,analytic
-30,26,8,6,30.5941,30.5941,4,0.5,analytic
-12,26,8,6,30.5941,30.5941,4,0.5,analytic
0,26,8,6,30.5941,30.5941,4,0.5,analytic
12,26,8,6,30.5941,30.5941,4,0.5,analytic
30,26,8,6,30.5941,30.5941,4,0.5,analytic
60,26,8,6,30.5941,30.5941,4,0.5,analytic
-60,26,8,6.8,30.5941,31.9049,1.42942,0.178678,analytic
-30,26,8,6.8,30.5941,31.9049,2.71471,0.339339,analytic
-12,26,8,6.8,30.5941,31.9049,3.48588,0.435736,analytic
0,26,8,6.8,30.5941,31.9049,4,0.5,analytic
12,26,8,6.8,30.5941,31.9049,4.51412,0.564264,analytic
30,26,8,6.8,30.5941,31.9049,5.28529,0.660661,analytic
60,26,8,6.8,30.5941,31.9049,6.57058,0.821322,analytic
-60,26,8,8,30.5941,34.0588,-2.79475,-0.349344,analytic
-30,26,8,8,30.5941,34.0588,0.602626,0.0753282,analytic
-12,26,8,8,30.5941,34.0588,2.64105,0.330131,analytic
0,26,8,8,30.5941,34.0588,4,0.5,analytic
12,26,8,8,30.5941,34.0588,5.35895,0.669869,analytic
30,26,8,8,30.5941,34.0588,7.39737,0.924672,analytic
60,26,8,8,30.5941,34.0588,10.7947,1.34934,analytic
